[
  {
    "id": 1418091061459,
    "name": "Ella Green",
    "email": "student1@example.com",
    "enrollmentDate": "2010-06-05"
  },
  {
    "id": 1765077803735,
    "name": "Christopher Campbell",
    "email": "student2@example.com",
    "enrollmentDate": "2024-09-03"
  },
  {
    "id": 1056646588060,
    "name": "Hannah Hernandez",
    "email": "student3@example.com",
    "enrollmentDate": "2010-12-22"
  },
  {
    "id": 1154730364560,
    "name": "John Martinez",
    "email": "student4@example.com",
    "enrollmentDate": "2013-11-14"
  },
  {
    "id": 1682058581642,
    "name": "Andrew Wright",
    "email": "student5@example.com",
    "enrollmentDate": "2013-09-19"
  },
  {
    "id": 1731517347246,
    "name": "Michael Lee",
    "email": "student6@example.com",
    "enrollmentDate": "2014-08-21"
  },
  {
    "id": 1993804763273,
    "name": "Matthew Young",
    "email": "student7@example.com",
    "enrollmentDate": "2024-03-04"
  },
  {
    "id": 1536188226716,
    "name": "Dylan Brown",
    "email": "student8@example.com",
    "enrollmentDate": "2021-04-12"
  },
  {
    "id": 1378282031664,
    "name": "Riley Lewis",
    "email": "student9@example.com",
    "enrollmentDate": "2025-07-15"
  },
  {
    "id": 1413056844588,
    "name": "Scarlett Clark",
    "email": "student10@example.com",
    "enrollmentDate": "2022-02-24"
  },
  {
    "id": 1017232668333,
    "name": "Olivia Williams",
    "email": "student11@example.com",
    "enrollmentDate": "2023-08-05"
  },
  {
    "id": 1338734069413,
    "name": "Sarah Lewis",
    "email": "student12@example.com",
    "enrollmentDate": "2013-12-28"
  },
  {
    "id": 1775694889806,
    "name": "Emma Allen",
    "email": "student13@example.com",
    "enrollmentDate": "2019-08-26"
  },
  {
    "id": 1770370476093,
    "name": "James Johnson",
    "email": "student14@example.com",
    "enrollmentDate": "2019-01-21"
  },
  {
    "id": 1099704629809,
    "name": "Andrew Smith",
    "email": "student15@example.com",
    "enrollmentDate": "2017-10-09"
  },
  {
    "id": 1666407854520,
    "name": "Elizabeth Jackson",
    "email": "student16@example.com",
    "enrollmentDate": "2017-10-01"
  },
  {
    "id": 1546086236960,
    "name": "Gabriel Johnson",
    "email": "student17@example.com",
    "enrollmentDate": "2022-03-19"
  },
  {
    "id": 1441009935829,
    "name": "Robert Campbell",
    "email": "student18@example.com",
    "enrollmentDate": "2013-04-03"
  },
  {
    "id": 1811203780551,
    "name": "Chloe Mitchell",
    "email": "student19@example.com",
    "enrollmentDate": "2016-09-17"
  },
  {
    "id": 1209696116437,
    "name": "John Turner",
    "email": "student20@example.com",
    "enrollmentDate": "2014-05-02"
  },
  {
    "id": 1029227664876,
    "name": "Olivia Lee",
    "email": "student21@example.com",
    "enrollmentDate": "2014-08-09"
  },
  {
    "id": 1058688455570,
    "name": "Grace Allen",
    "email": "student22@example.com",
    "enrollmentDate": "2010-12-23"
  },
  {
    "id": 1431605992274,
    "name": "Scarlett King",
    "email": "student23@example.com",
    "enrollmentDate": "2010-07-14"
  },
  {
    "id": 1180676856013,
    "name": "John Scott",
    "email": "student24@example.com",
    "enrollmentDate": "2022-01-22"
  },
  {
    "id": 1639066157058,
    "name": "Sofia Roberts",
    "email": "student25@example.com",
    "enrollmentDate": "2020-06-05"
  },
  {
    "id": 1813522007366,
    "name": "Sarah Rodriguez",
    "email": "student26@example.com",
    "enrollmentDate": "2019-04-06"
  },
  {
    "id": 1755563688502,
    "name": "Thomas Mitchell",
    "email": "student27@example.com",
    "enrollmentDate": "2020-08-03"
  },
  {
    "id": 1653035969351,
    "name": "Matthew Evans",
    "email": "student28@example.com",
    "enrollmentDate": "2012-03-16"
  },
  {
    "id": 1901313460431,
    "name": "Laura Johnson",
    "email": "student29@example.com",
    "enrollmentDate": "2014-02-19"
  },
  {
    "id": 1742270740282,
    "name": "Matthew Williams",
    "email": "student30@example.com",
    "enrollmentDate": "2012-05-26"
  },
  {
    "id": 1976862396792,
    "name": "Emma Sanchez",
    "email": "student31@example.com",
    "enrollmentDate": "2016-05-27"
  },
  {
    "id": 1880698252353,
    "name": "Jessica Green",
    "email": "student32@example.com",
    "enrollmentDate": "2017-01-02"
  },
  {
    "id": 1580322277131,
    "name": "Chloe Evans",
    "email": "student33@example.com",
    "enrollmentDate": "2021-06-15"
  },
  {
    "id": 1543236636222,
    "name": "Zoe Moore",
    "email": "student34@example.com",
    "enrollmentDate": "2015-07-21"
  },
  {
    "id": 1656863555868,
    "name": "Madison Sanchez",
    "email": "student35@example.com",
    "enrollmentDate": "2025-03-27"
  },
  {
    "id": 1559536323442,
    "name": "Sophia Nelson",
    "email": "student36@example.com",
    "enrollmentDate": "2017-07-24"
  },
  {
    "id": 1254220142934,
    "name": "Emily Martin",
    "email": "student37@example.com",
    "enrollmentDate": "2013-07-11"
  },
  {
    "id": 1995223708517,
    "name": "Michael Thomas",
    "email": "student38@example.com",
    "enrollmentDate": "2018-11-21"
  },
  {
    "id": 1255150421397,
    "name": "Sophia Scott",
    "email": "student39@example.com",
    "enrollmentDate": "2018-12-13"
  },
  {
    "id": 1450884237026,
    "name": "Ethan Lewis",
    "email": "student40@example.com",
    "enrollmentDate": "2017-06-24"
  },
  {
    "id": 1594334731864,
    "name": "Aria Miller",
    "email": "student41@example.com",
    "enrollmentDate": "2013-10-11"
  },
  {
    "id": 1730793013713,
    "name": "Mia King",
    "email": "student42@example.com",
    "enrollmentDate": "2015-03-09"
  },
  {
    "id": 1911894612210,
    "name": "Samuel Sanchez",
    "email": "student43@example.com",
    "enrollmentDate": "2021-09-24"
  },
  {
    "id": 1770384985036,
    "name": "Emma Perez",
    "email": "student44@example.com",
    "enrollmentDate": "2019-08-06"
  },
  {
    "id": 1784890935122,
    "name": "Jack Adams",
    "email": "student45@example.com",
    "enrollmentDate": "2025-05-14"
  },
  {
    "id": 1184257757689,
    "name": "Madison Wright",
    "email": "student46@example.com",
    "enrollmentDate": "2017-01-28"
  },
  {
    "id": 1565747130969,
    "name": "Sofia Ramirez",
    "email": "student47@example.com",
    "enrollmentDate": "2021-07-22"
  },
  {
    "id": 1979855855497,
    "name": "Zoe Thompson",
    "email": "student48@example.com",
    "enrollmentDate": "2016-07-21"
  },
  {
    "id": 1438386453524,
    "name": "Grace Martin",
    "email": "student49@example.com",
    "enrollmentDate": "2012-01-04"
  },
  {
    "id": 1981201039109,
    "name": "Emma Jones",
    "email": "student50@example.com",
    "enrollmentDate": "2015-02-07"
  },
  {
    "id": 1125166152778,
    "name": "Hannah Lewis",
    "email": "student51@example.com",
    "enrollmentDate": "2021-08-07"
  },
  {
    "id": 1724070767515,
    "name": "Hannah Sanchez",
    "email": "student52@example.com",
    "enrollmentDate": "2020-09-02"
  },
  {
    "id": 1216095197343,
    "name": "Mia Ramirez",
    "email": "student53@example.com",
    "enrollmentDate": "2022-07-02"
  },
  {
    "id": 1081182371268,
    "name": "Sofia Evans",
    "email": "student54@example.com",
    "enrollmentDate": "2013-07-14"
  },
  {
    "id": 1449572270391,
    "name": "John Lewis",
    "email": "student55@example.com",
    "enrollmentDate": "2025-05-09"
  },
  {
    "id": 1245194631341,
    "name": "John Wilson",
    "email": "student56@example.com",
    "enrollmentDate": "2011-11-17"
  },
  {
    "id": 1407031845349,
    "name": "Dylan Walker",
    "email": "student57@example.com",
    "enrollmentDate": "2017-11-07"
  },
  {
    "id": 1904356795850,
    "name": "William Johnson",
    "email": "student58@example.com",
    "enrollmentDate": "2019-09-06"
  },
  {
    "id": 1962887495761,
    "name": "Matthew Jackson",
    "email": "student59@example.com",
    "enrollmentDate": "2024-08-05"
  },
  {
    "id": 1595827436552,
    "name": "Robert Rodriguez",
    "email": "student60@example.com",
    "enrollmentDate": "2020-08-13"
  },
  {
    "id": 1516663838041,
    "name": "Samuel Rodriguez",
    "email": "student61@example.com",
    "enrollmentDate": "2010-05-15"
  },
  {
    "id": 1145135451823,
    "name": "Nathan Clark",
    "email": "student62@example.com",
    "enrollmentDate": "2011-02-19"
  },
  {
    "id": 1757465242747,
    "name": "Gabriel Smith",
    "email": "student63@example.com",
    "enrollmentDate": "2018-12-08"
  },
  {
    "id": 1909595474765,
    "name": "Elizabeth Thompson",
    "email": "student64@example.com",
    "enrollmentDate": "2011-08-22"
  },
  {
    "id": 1312253761076,
    "name": "David Thompson",
    "email": "student65@example.com",
    "enrollmentDate": "2014-01-18"
  },
  {
    "id": 1461756792993,
    "name": "Elizabeth Garcia",
    "email": "student66@example.com",
    "enrollmentDate": "2015-11-15"
  },
  {
    "id": 1918422291815,
    "name": "Alexander Robinson",
    "email": "student67@example.com",
    "enrollmentDate": "2010-06-25"
  },
  {
    "id": 1633107211591,
    "name": "Layla Moore",
    "email": "student68@example.com",
    "enrollmentDate": "2022-10-20"
  },
  {
    "id": 1543438154030,
    "name": "Olivia Carter",
    "email": "student69@example.com",
    "enrollmentDate": "2014-08-13"
  },
  {
    "id": 1982308272350,
    "name": "Nicholas Williams",
    "email": "student70@example.com",
    "enrollmentDate": "2024-12-16"
  },
  {
    "id": 1741592872722,
    "name": "Christopher Ramirez",
    "email": "student71@example.com",
    "enrollmentDate": "2015-01-03"
  },
  {
    "id": 1780721027358,
    "name": "Zoe Scott",
    "email": "student72@example.com",
    "enrollmentDate": "2023-05-13"
  },
  {
    "id": 1527913606514,
    "name": "Sarah Scott",
    "email": "student73@example.com",
    "enrollmentDate": "2011-12-17"
  },
  {
    "id": 1222784828908,
    "name": "Laura Johnson",
    "email": "student74@example.com",
    "enrollmentDate": "2023-02-10"
  },
  {
    "id": 1382833388787,
    "name": "Emma Walker",
    "email": "student75@example.com",
    "enrollmentDate": "2025-10-14"
  },
  {
    "id": 1891603444748,
    "name": "Robert Thomas",
    "email": "student76@example.com",
    "enrollmentDate": "2023-06-13"
  },
  {
    "id": 1764948470918,
    "name": "Abigail Martinez",
    "email": "student77@example.com",
    "enrollmentDate": "2017-10-10"
  },
  {
    "id": 1822403645219,
    "name": "Hannah White",
    "email": "student78@example.com",
    "enrollmentDate": "2011-07-01"
  },
  {
    "id": 1791316608166,
    "name": "Sophia Walker",
    "email": "student79@example.com",
    "enrollmentDate": "2013-12-05"
  },
  {
    "id": 1724451337020,
    "name": "Alexander Campbell",
    "email": "student80@example.com",
    "enrollmentDate": "2012-02-06"
  },
  {
    "id": 1100349596407,
    "name": "Avery Phillips",
    "email": "student81@example.com",
    "enrollmentDate": "2020-02-24"
  },
  {
    "id": 1110908621704,
    "name": "Joseph Torres",
    "email": "student82@example.com",
    "enrollmentDate": "2018-07-03"
  },
  {
    "id": 1271977170855,
    "name": "Emma Brown",
    "email": "student83@example.com",
    "enrollmentDate": "2013-02-08"
  },
  {
    "id": 1397321797693,
    "name": "Grace Martin",
    "email": "student84@example.com",
    "enrollmentDate": "2023-06-12"
  },
  {
    "id": 1038677305184,
    "name": "Gabriel Smith",
    "email": "student85@example.com",
    "enrollmentDate": "2010-02-01"
  },
  {
    "id": 1156301617899,
    "name": "Ethan Anderson",
    "email": "student86@example.com",
    "enrollmentDate": "2021-08-09"
  },
  {
    "id": 1427498030798,
    "name": "Abigail Mitchell",
    "email": "student87@example.com",
    "enrollmentDate": "2022-09-23"
  },
  {
    "id": 1001584286244,
    "name": "Amelia Hall",
    "email": "student88@example.com",
    "enrollmentDate": "2016-01-26"
  },
  {
    "id": 1159449628430,
    "name": "Laura Moore",
    "email": "student89@example.com",
    "enrollmentDate": "2024-10-25"
  },
  {
    "id": 1384138895677,
    "name": "Layla Ramirez",
    "email": "student90@example.com",
    "enrollmentDate": "2019-08-06"
  },
  {
    "id": 1163590908388,
    "name": "Avery Wright",
    "email": "student91@example.com",
    "enrollmentDate": "2018-06-26"
  },
  {
    "id": 1017270378223,
    "name": "Robert Martin",
    "email": "student92@example.com",
    "enrollmentDate": "2012-10-07"
  },
  {
    "id": 1080532623291,
    "name": "Olivia Sanchez",
    "email": "student93@example.com",
    "enrollmentDate": "2024-10-06"
  },
  {
    "id": 1893812450432,
    "name": "Andrew Young",
    "email": "student94@example.com",
    "enrollmentDate": "2011-03-21"
  },
  {
    "id": 1532753689648,
    "name": "Michael Harris",
    "email": "student95@example.com",
    "enrollmentDate": "2020-12-21"
  },
  {
    "id": 1649201774365,
    "name": "Daniel Thompson",
    "email": "student96@example.com",
    "enrollmentDate": "2015-05-15"
  },
  {
    "id": 1472011092115,
    "name": "Andrew Baker",
    "email": "student97@example.com",
    "enrollmentDate": "2022-06-21"
  },
  {
    "id": 1001218261845,
    "name": "John Scott",
    "email": "student98@example.com",
    "enrollmentDate": "2025-03-13"
  },
  {
    "id": 1735460861781,
    "name": "William White",
    "email": "student99@example.com",
    "enrollmentDate": "2012-09-16"
  },
  {
    "id": 1120937002197,
    "name": "Zoe Clark",
    "email": "student100@example.com",
    "enrollmentDate": "2024-02-21"
  },
  {
    "id": 1452775366885,
    "name": "Samuel Torres",
    "email": "student101@example.com",
    "enrollmentDate": "2024-09-23"
  },
  {
    "id": 1923228714888,
    "name": "Zoe Gonzalez",
    "email": "student102@example.com",
    "enrollmentDate": "2020-10-22"
  },
  {
    "id": 1034699732930,
    "name": "Ryan Harris",
    "email": "student103@example.com",
    "enrollmentDate": "2018-03-12"
  },
  {
    "id": 1898106991379,
    "name": "Jack Anderson",
    "email": "student104@example.com",
    "enrollmentDate": "2010-11-08"
  },
  {
    "id": 1556722851599,
    "name": "Joshua Martinez",
    "email": "student105@example.com",
    "enrollmentDate": "2015-12-07"
  },
  {
    "id": 1566038099371,
    "name": "Amelia Mitchell",
    "email": "student106@example.com",
    "enrollmentDate": "2016-01-22"
  },
  {
    "id": 1636229323289,
    "name": "Ryan Martinez",
    "email": "student107@example.com",
    "enrollmentDate": "2020-09-03"
  },
  {
    "id": 1255184600973,
    "name": "Gabriel Lee",
    "email": "student108@example.com",
    "enrollmentDate": "2012-09-19"
  },
  {
    "id": 1879501571846,
    "name": "James Martinez",
    "email": "student109@example.com",
    "enrollmentDate": "2014-08-27"
  },
  {
    "id": 1949597110499,
    "name": "Mia Walker",
    "email": "student110@example.com",
    "enrollmentDate": "2017-09-12"
  },
  {
    "id": 1386402860100,
    "name": "Zoe Wilson",
    "email": "student111@example.com",
    "enrollmentDate": "2024-12-17"
  },
  {
    "id": 1072282300638,
    "name": "Matthew Miller",
    "email": "student112@example.com",
    "enrollmentDate": "2022-08-20"
  },
  {
    "id": 1470579604127,
    "name": "Sophia Mitchell",
    "email": "student113@example.com",
    "enrollmentDate": "2018-01-18"
  },
  {
    "id": 1124678421310,
    "name": "Samuel White",
    "email": "student114@example.com",
    "enrollmentDate": "2019-12-14"
  },
  {
    "id": 1122362065220,
    "name": "Michael Taylor",
    "email": "student115@example.com",
    "enrollmentDate": "2024-11-23"
  },
  {
    "id": 1953618224381,
    "name": "Lily Hall",
    "email": "student116@example.com",
    "enrollmentDate": "2025-03-21"
  },
  {
    "id": 1574928789624,
    "name": "Avery Jackson",
    "email": "student117@example.com",
    "enrollmentDate": "2025-12-12"
  },
  {
    "id": 1258261806081,
    "name": "Aria Anderson",
    "email": "student118@example.com",
    "enrollmentDate": "2022-01-06"
  },
  {
    "id": 1477726169998,
    "name": "Riley Anderson",
    "email": "student119@example.com",
    "enrollmentDate": "2012-11-13"
  },
  {
    "id": 1063758818647,
    "name": "Sofia Davis",
    "email": "student120@example.com",
    "enrollmentDate": "2017-02-14"
  },
  {
    "id": 1779968872972,
    "name": "Robert Thompson",
    "email": "student121@example.com",
    "enrollmentDate": "2010-11-08"
  },
  {
    "id": 1764992402510,
    "name": "Laura Campbell",
    "email": "student122@example.com",
    "enrollmentDate": "2012-04-09"
  },
  {
    "id": 1920059994511,
    "name": "Thomas Wright",
    "email": "student123@example.com",
    "enrollmentDate": "2016-06-12"
  },
  {
    "id": 1250739811573,
    "name": "Andrew Evans",
    "email": "student124@example.com",
    "enrollmentDate": "2018-02-09"
  },
  {
    "id": 1460675081248,
    "name": "Scarlett Wright",
    "email": "student125@example.com",
    "enrollmentDate": "2010-07-17"
  },
  {
    "id": 1541779291368,
    "name": "Olivia Miller",
    "email": "student126@example.com",
    "enrollmentDate": "2025-01-01"
  },
  {
    "id": 1567573644405,
    "name": "Avery Gonzalez",
    "email": "student127@example.com",
    "enrollmentDate": "2022-07-23"
  },
  {
    "id": 1473870793143,
    "name": "Gabriel Williams",
    "email": "student128@example.com",
    "enrollmentDate": "2015-09-11"
  },
  {
    "id": 1798386425474,
    "name": "Joshua Roberts",
    "email": "student129@example.com",
    "enrollmentDate": "2013-04-03"
  },
  {
    "id": 1778747822664,
    "name": "Mia King",
    "email": "student130@example.com",
    "enrollmentDate": "2012-08-18"
  },
  {
    "id": 1559984435097,
    "name": "Joshua Gonzalez",
    "email": "student131@example.com",
    "enrollmentDate": "2023-05-06"
  },
  {
    "id": 1313137370554,
    "name": "Scarlett Hill",
    "email": "student132@example.com",
    "enrollmentDate": "2011-08-02"
  },
  {
    "id": 1185112675471,
    "name": "Ethan Baker",
    "email": "student133@example.com",
    "enrollmentDate": "2010-12-18"
  },
  {
    "id": 1717995164913,
    "name": "Elizabeth Hall",
    "email": "student134@example.com",
    "enrollmentDate": "2016-11-25"
  },
  {
    "id": 1847911237752,
    "name": "Isabella Harris",
    "email": "student135@example.com",
    "enrollmentDate": "2014-06-13"
  },
  {
    "id": 1232581904419,
    "name": "John Walker",
    "email": "student136@example.com",
    "enrollmentDate": "2015-03-06"
  },
  {
    "id": 1067482895695,
    "name": "Elizabeth Gonzalez",
    "email": "student137@example.com",
    "enrollmentDate": "2011-03-08"
  },
  {
    "id": 1507905161075,
    "name": "Anthony Garcia",
    "email": "student138@example.com",
    "enrollmentDate": "2019-11-26"
  },
  {
    "id": 1839210896514,
    "name": "Abigail Torres",
    "email": "student139@example.com",
    "enrollmentDate": "2021-01-23"
  },
  {
    "id": 1869171878606,
    "name": "Ryan Ramirez",
    "email": "student140@example.com",
    "enrollmentDate": "2010-09-04"
  },
  {
    "id": 1443288115775,
    "name": "Grace Perez",
    "email": "student141@example.com",
    "enrollmentDate": "2020-03-04"
  },
  {
    "id": 1579721498442,
    "name": "Gabriel Miller",
    "email": "student142@example.com",
    "enrollmentDate": "2017-02-21"
  },
  {
    "id": 1512297584897,
    "name": "Daniel Carter",
    "email": "student143@example.com",
    "enrollmentDate": "2011-08-02"
  },
  {
    "id": 1524593662825,
    "name": "Amelia Sanchez",
    "email": "student144@example.com",
    "enrollmentDate": "2010-12-23"
  },
  {
    "id": 1524225142178,
    "name": "Ryan Baker",
    "email": "student145@example.com",
    "enrollmentDate": "2022-01-13"
  },
  {
    "id": 1648272960463,
    "name": "Sarah Turner",
    "email": "student146@example.com",
    "enrollmentDate": "2016-10-11"
  },
  {
    "id": 1566093775285,
    "name": "Jack Davis",
    "email": "student147@example.com",
    "enrollmentDate": "2018-08-06"
  },
  {
    "id": 1588275124229,
    "name": "Nicholas Ramirez",
    "email": "student148@example.com",
    "enrollmentDate": "2011-07-18"
  },
  {
    "id": 1900337719238,
    "name": "Scarlett Carter",
    "email": "student149@example.com",
    "enrollmentDate": "2016-12-14"
  },
  {
    "id": 1588935366115,
    "name": "Emily Roberts",
    "email": "student150@example.com",
    "enrollmentDate": "2010-03-19"
  },
  {
    "id": 1612698810657,
    "name": "Nicholas Sanchez",
    "email": "student151@example.com",
    "enrollmentDate": "2022-11-23"
  },
  {
    "id": 1214142088037,
    "name": "Dylan Garcia",
    "email": "student152@example.com",
    "enrollmentDate": "2019-02-16"
  },
  {
    "id": 1738492802873,
    "name": "Alexander King",
    "email": "student153@example.com",
    "enrollmentDate": "2020-11-13"
  },
  {
    "id": 1246421177428,
    "name": "Sarah Campbell",
    "email": "student154@example.com",
    "enrollmentDate": "2014-06-20"
  },
  {
    "id": 1785474408078,
    "name": "Madison Hall",
    "email": "student155@example.com",
    "enrollmentDate": "2016-02-28"
  },
  {
    "id": 1631655763543,
    "name": "Lily Campbell",
    "email": "student156@example.com",
    "enrollmentDate": "2011-05-07"
  },
  {
    "id": 1184725204682,
    "name": "Laura Martinez",
    "email": "student157@example.com",
    "enrollmentDate": "2012-07-09"
  },
  {
    "id": 1968994239313,
    "name": "Sofia Smith",
    "email": "student158@example.com",
    "enrollmentDate": "2013-05-13"
  },
  {
    "id": 1005096683547,
    "name": "Daniel Carter",
    "email": "student159@example.com",
    "enrollmentDate": "2013-12-04"
  },
  {
    "id": 1578653401363,
    "name": "Ella Sanchez",
    "email": "student160@example.com",
    "enrollmentDate": "2025-12-12"
  },
  {
    "id": 1151057843442,
    "name": "Christopher Perez",
    "email": "student161@example.com",
    "enrollmentDate": "2010-01-18"
  },
  {
    "id": 1567201994937,
    "name": "Lily Thomas",
    "email": "student162@example.com",
    "enrollmentDate": "2020-03-01"
  },
  {
    "id": 1040585866497,
    "name": "Scarlett Green",
    "email": "student163@example.com",
    "enrollmentDate": "2017-09-06"
  },
  {
    "id": 1405701964498,
    "name": "Hannah Allen",
    "email": "student164@example.com",
    "enrollmentDate": "2017-08-20"
  },
  {
    "id": 1843237100040,
    "name": "Riley Davis",
    "email": "student165@example.com",
    "enrollmentDate": "2016-11-13"
  },
  {
    "id": 1327027744656,
    "name": "Elizabeth Allen",
    "email": "student166@example.com",
    "enrollmentDate": "2013-10-06"
  },
  {
    "id": 1428674100968,
    "name": "Elizabeth Wright",
    "email": "student167@example.com",
    "enrollmentDate": "2016-02-14"
  },
  {
    "id": 1657595689240,
    "name": "Lily Scott",
    "email": "student168@example.com",
    "enrollmentDate": "2023-08-07"
  },
  {
    "id": 1661033880376,
    "name": "Daniel Hernandez",
    "email": "student169@example.com",
    "enrollmentDate": "2012-08-14"
  },
  {
    "id": 1013277301886,
    "name": "Scarlett Wright",
    "email": "student170@example.com",
    "enrollmentDate": "2019-10-11"
  },
  {
    "id": 1477994743739,
    "name": "Andrew White",
    "email": "student171@example.com",
    "enrollmentDate": "2019-12-22"
  },
  {
    "id": 1178723717914,
    "name": "Mia Perez",
    "email": "student172@example.com",
    "enrollmentDate": "2012-04-08"
  },
  {
    "id": 1330670579274,
    "name": "Zoe Lee",
    "email": "student173@example.com",
    "enrollmentDate": "2011-09-06"
  },
  {
    "id": 1908835631363,
    "name": "Aria Thomas",
    "email": "student174@example.com",
    "enrollmentDate": "2013-09-03"
  },
  {
    "id": 1845962590381,
    "name": "Ella Martin",
    "email": "student175@example.com",
    "enrollmentDate": "2019-06-02"
  },
  {
    "id": 1349346340016,
    "name": "Hannah Robinson",
    "email": "student176@example.com",
    "enrollmentDate": "2010-03-10"
  },
  {
    "id": 1007437211083,
    "name": "Charles Perez",
    "email": "student177@example.com",
    "enrollmentDate": "2014-09-24"
  },
  {
    "id": 1891161758394,
    "name": "Aria Martinez",
    "email": "student178@example.com",
    "enrollmentDate": "2017-09-19"
  },
  {
    "id": 1831256344747,
    "name": "Lily Young",
    "email": "student179@example.com",
    "enrollmentDate": "2025-02-16"
  },
  {
    "id": 1818696828226,
    "name": "Jessica King",
    "email": "student180@example.com",
    "enrollmentDate": "2016-09-05"
  },
  {
    "id": 1042599546198,
    "name": "Chloe Ramirez",
    "email": "student181@example.com",
    "enrollmentDate": "2023-03-14"
  },
  {
    "id": 1495321840100,
    "name": "Layla Young",
    "email": "student182@example.com",
    "enrollmentDate": "2013-01-14"
  },
  {
    "id": 1544139688045,
    "name": "Daniel Lewis",
    "email": "student183@example.com",
    "enrollmentDate": "2013-01-28"
  },
  {
    "id": 1951444417328,
    "name": "Riley King",
    "email": "student184@example.com",
    "enrollmentDate": "2020-08-05"
  },
  {
    "id": 1174223346691,
    "name": "Christopher Rodriguez",
    "email": "student185@example.com",
    "enrollmentDate": "2016-08-05"
  },
  {
    "id": 1401705981583,
    "name": "David Young",
    "email": "student186@example.com",
    "enrollmentDate": "2017-08-10"
  },
  {
    "id": 1354154585543,
    "name": "Sophia Williams",
    "email": "student187@example.com",
    "enrollmentDate": "2018-06-24"
  },
  {
    "id": 1876240993277,
    "name": "Gabriel Scott",
    "email": "student188@example.com",
    "enrollmentDate": "2011-09-08"
  },
  {
    "id": 1321008514089,
    "name": "Elizabeth Moore",
    "email": "student189@example.com",
    "enrollmentDate": "2018-11-03"
  },
  {
    "id": 1484800507060,
    "name": "Riley Nelson",
    "email": "student190@example.com",
    "enrollmentDate": "2023-04-28"
  },
  {
    "id": 1593032557976,
    "name": "Riley Thomas",
    "email": "student191@example.com",
    "enrollmentDate": "2022-07-16"
  },
  {
    "id": 1521510801868,
    "name": "Christopher Miller",
    "email": "student192@example.com",
    "enrollmentDate": "2018-12-18"
  },
  {
    "id": 1565186999292,
    "name": "Dylan Wilson",
    "email": "student193@example.com",
    "enrollmentDate": "2025-08-03"
  },
  {
    "id": 1194382396613,
    "name": "Christopher Perez",
    "email": "student194@example.com",
    "enrollmentDate": "2012-10-12"
  },
  {
    "id": 1245487652097,
    "name": "Madison Roberts",
    "email": "student195@example.com",
    "enrollmentDate": "2020-02-24"
  },
  {
    "id": 1825303857699,
    "name": "Lily Perez",
    "email": "student196@example.com",
    "enrollmentDate": "2019-09-24"
  },
  {
    "id": 1181693392878,
    "name": "Emma King",
    "email": "student197@example.com",
    "enrollmentDate": "2019-07-20"
  },
  {
    "id": 1237458538448,
    "name": "Nathan Gonzalez",
    "email": "student198@example.com",
    "enrollmentDate": "2012-12-10"
  },
  {
    "id": 1287207610460,
    "name": "Olivia King",
    "email": "student199@example.com",
    "enrollmentDate": "2017-11-05"
  },
  {
    "id": 1842364490242,
    "name": "Matthew Thomas",
    "email": "student200@example.com",
    "enrollmentDate": "2018-02-14"
  },
  {
    "id": 1662336602307,
    "name": "Christopher Hall",
    "email": "student201@example.com",
    "enrollmentDate": "2024-04-09"
  },
  {
    "id": 1561792220262,
    "name": "Laura Jones",
    "email": "student202@example.com",
    "enrollmentDate": "2025-10-06"
  },
  {
    "id": 1819207424463,
    "name": "Abigail Smith",
    "email": "student203@example.com",
    "enrollmentDate": "2018-03-01"
  },
  {
    "id": 1380516935320,
    "name": "David Hall",
    "email": "student204@example.com",
    "enrollmentDate": "2022-03-11"
  },
  {
    "id": 1864628547666,
    "name": "Michael Carter",
    "email": "student205@example.com",
    "enrollmentDate": "2018-06-13"
  },
  {
    "id": 1541176778717,
    "name": "Christopher Mitchell",
    "email": "student206@example.com",
    "enrollmentDate": "2023-12-10"
  },
  {
    "id": 1720215490625,
    "name": "Ella Baker",
    "email": "student207@example.com",
    "enrollmentDate": "2018-08-16"
  },
  {
    "id": 1504817928019,
    "name": "Jack Evans",
    "email": "student208@example.com",
    "enrollmentDate": "2018-02-18"
  },
  {
    "id": 1341436433123,
    "name": "Daniel Garcia",
    "email": "student209@example.com",
    "enrollmentDate": "2023-06-03"
  },
  {
    "id": 1204405074716,
    "name": "Dylan King",
    "email": "student210@example.com",
    "enrollmentDate": "2017-09-21"
  },
  {
    "id": 1132615237704,
    "name": "Sarah Phillips",
    "email": "student211@example.com",
    "enrollmentDate": "2019-05-03"
  },
  {
    "id": 1580855424370,
    "name": "Ryan Miller",
    "email": "student212@example.com",
    "enrollmentDate": "2013-07-08"
  },
  {
    "id": 1579442242795,
    "name": "John Baker",
    "email": "student213@example.com",
    "enrollmentDate": "2018-04-06"
  },
  {
    "id": 1814044605924,
    "name": "William Young",
    "email": "student214@example.com",
    "enrollmentDate": "2017-08-22"
  },
  {
    "id": 1702265617037,
    "name": "Joshua Baker",
    "email": "student215@example.com",
    "enrollmentDate": "2013-01-02"
  },
  {
    "id": 1040012863611,
    "name": "Emily Garcia",
    "email": "student216@example.com",
    "enrollmentDate": "2021-03-20"
  },
  {
    "id": 1923001521219,
    "name": "Emily Robinson",
    "email": "student217@example.com",
    "enrollmentDate": "2018-02-01"
  },
  {
    "id": 1232490162020,
    "name": "Andrew Thompson",
    "email": "student218@example.com",
    "enrollmentDate": "2020-10-06"
  },
  {
    "id": 1816759900842,
    "name": "Andrew Garcia",
    "email": "student219@example.com",
    "enrollmentDate": "2014-02-27"
  },
  {
    "id": 1656506373244,
    "name": "Matthew Ramirez",
    "email": "student220@example.com",
    "enrollmentDate": "2025-10-11"
  },
  {
    "id": 1775249296628,
    "name": "Robert Roberts",
    "email": "student221@example.com",
    "enrollmentDate": "2012-03-09"
  },
  {
    "id": 1825359617099,
    "name": "Olivia Walker",
    "email": "student222@example.com",
    "enrollmentDate": "2024-05-28"
  },
  {
    "id": 1108181485841,
    "name": "Jessica Anderson",
    "email": "student223@example.com",
    "enrollmentDate": "2021-06-02"
  },
  {
    "id": 1569583675410,
    "name": "Amelia Rodriguez",
    "email": "student224@example.com",
    "enrollmentDate": "2020-12-08"
  },
  {
    "id": 1557999359523,
    "name": "Matthew Carter",
    "email": "student225@example.com",
    "enrollmentDate": "2014-09-05"
  },
  {
    "id": 1275378964500,
    "name": "Jessica Allen",
    "email": "student226@example.com",
    "enrollmentDate": "2018-05-28"
  },
  {
    "id": 1912428457770,
    "name": "Sophia Taylor",
    "email": "student227@example.com",
    "enrollmentDate": "2025-11-20"
  },
  {
    "id": 1638804534972,
    "name": "Nicholas Smith",
    "email": "student228@example.com",
    "enrollmentDate": "2023-10-11"
  },
  {
    "id": 1249789633279,
    "name": "Sarah Moore",
    "email": "student229@example.com",
    "enrollmentDate": "2012-01-23"
  },
  {
    "id": 1539591954637,
    "name": "Sophia Green",
    "email": "student230@example.com",
    "enrollmentDate": "2014-09-14"
  },
  {
    "id": 1327848190802,
    "name": "Avery Clark",
    "email": "student231@example.com",
    "enrollmentDate": "2014-12-16"
  },
  {
    "id": 1562159989980,
    "name": "Olivia Williams",
    "email": "student232@example.com",
    "enrollmentDate": "2017-09-06"
  },
  {
    "id": 1182099466341,
    "name": "David Gonzalez",
    "email": "student233@example.com",
    "enrollmentDate": "2010-01-21"
  },
  {
    "id": 1019462524056,
    "name": "Jack Nelson",
    "email": "student234@example.com",
    "enrollmentDate": "2021-08-22"
  },
  {
    "id": 1931243631249,
    "name": "Laura Walker",
    "email": "student235@example.com",
    "enrollmentDate": "2018-11-28"
  },
  {
    "id": 1642403540098,
    "name": "John Gonzalez",
    "email": "student236@example.com",
    "enrollmentDate": "2019-07-24"
  },
  {
    "id": 1224766140933,
    "name": "Nathan Roberts",
    "email": "student237@example.com",
    "enrollmentDate": "2011-11-26"
  },
  {
    "id": 1947804416863,
    "name": "Robert Lee",
    "email": "student238@example.com",
    "enrollmentDate": "2014-09-20"
  },
  {
    "id": 1275272766750,
    "name": "Madison Anderson",
    "email": "student239@example.com",
    "enrollmentDate": "2020-06-13"
  },
  {
    "id": 1494437477008,
    "name": "Amelia Hall",
    "email": "student240@example.com",
    "enrollmentDate": "2010-05-22"
  },
  {
    "id": 1288223092249,
    "name": "Matthew Rodriguez",
    "email": "student241@example.com",
    "enrollmentDate": "2020-10-07"
  },
  {
    "id": 1196163636082,
    "name": "Layla Martinez",
    "email": "student242@example.com",
    "enrollmentDate": "2016-10-08"
  },
  {
    "id": 1732318815327,
    "name": "James Jones",
    "email": "student243@example.com",
    "enrollmentDate": "2011-01-11"
  },
  {
    "id": 1950501194434,
    "name": "Layla Evans",
    "email": "student244@example.com",
    "enrollmentDate": "2010-08-27"
  },
  {
    "id": 1652033828134,
    "name": "William Sanchez",
    "email": "student245@example.com",
    "enrollmentDate": "2020-11-12"
  },
  {
    "id": 1874116594443,
    "name": "Daniel Robinson",
    "email": "student246@example.com",
    "enrollmentDate": "2014-02-11"
  },
  {
    "id": 1307832813888,
    "name": "Nicholas Campbell",
    "email": "student247@example.com",
    "enrollmentDate": "2013-10-21"
  },
  {
    "id": 1805476880155,
    "name": "Gabriel Clark",
    "email": "student248@example.com",
    "enrollmentDate": "2025-10-23"
  },
  {
    "id": 1776949977493,
    "name": "Jessica Walker",
    "email": "student249@example.com",
    "enrollmentDate": "2021-09-26"
  },
  {
    "id": 1177771479491,
    "name": "Joseph Green",
    "email": "student250@example.com",
    "enrollmentDate": "2012-10-18"
  },
  {
    "id": 1092095032603,
    "name": "John Jones",
    "email": "student251@example.com",
    "enrollmentDate": "2014-06-20"
  },
  {
    "id": 1838246821112,
    "name": "John Hall",
    "email": "student252@example.com",
    "enrollmentDate": "2014-09-28"
  },
  {
    "id": 1223221474122,
    "name": "Grace Evans",
    "email": "student253@example.com",
    "enrollmentDate": "2020-01-10"
  },
  {
    "id": 1965003974403,
    "name": "James Turner",
    "email": "student254@example.com",
    "enrollmentDate": "2011-05-11"
  },
  {
    "id": 1817912277291,
    "name": "James Lopez",
    "email": "student255@example.com",
    "enrollmentDate": "2020-11-04"
  },
  {
    "id": 1491487488416,
    "name": "Isabella Davis",
    "email": "student256@example.com",
    "enrollmentDate": "2010-06-18"
  },
  {
    "id": 1840324785853,
    "name": "Emma Thompson",
    "email": "student257@example.com",
    "enrollmentDate": "2010-11-16"
  },
  {
    "id": 1369792269661,
    "name": "Andrew Mitchell",
    "email": "student258@example.com",
    "enrollmentDate": "2017-11-25"
  },
  {
    "id": 1585689110036,
    "name": "Christopher Mitchell",
    "email": "student259@example.com",
    "enrollmentDate": "2016-09-21"
  },
  {
    "id": 1119829539533,
    "name": "Sofia Walker",
    "email": "student260@example.com",
    "enrollmentDate": "2015-01-17"
  },
  {
    "id": 1355829169440,
    "name": "Dylan King",
    "email": "student261@example.com",
    "enrollmentDate": "2025-06-08"
  },
  {
    "id": 1063772307879,
    "name": "Dylan Torres",
    "email": "student262@example.com",
    "enrollmentDate": "2022-09-04"
  },
  {
    "id": 1094911791833,
    "name": "Matthew Thomas",
    "email": "student263@example.com",
    "enrollmentDate": "2020-01-10"
  },
  {
    "id": 1653248160283,
    "name": "Laura Moore",
    "email": "student264@example.com",
    "enrollmentDate": "2015-01-28"
  },
  {
    "id": 1845613090825,
    "name": "Charles Johnson",
    "email": "student265@example.com",
    "enrollmentDate": "2010-10-15"
  },
  {
    "id": 1069661819916,
    "name": "Andrew Jackson",
    "email": "student266@example.com",
    "enrollmentDate": "2019-02-26"
  },
  {
    "id": 1624010432936,
    "name": "Ella Hernandez",
    "email": "student267@example.com",
    "enrollmentDate": "2015-01-21"
  },
  {
    "id": 1347649410635,
    "name": "Abigail Garcia",
    "email": "student268@example.com",
    "enrollmentDate": "2011-01-17"
  },
  {
    "id": 1889535977246,
    "name": "Aria Baker",
    "email": "student269@example.com",
    "enrollmentDate": "2016-03-05"
  },
  {
    "id": 1293569709423,
    "name": "Sofia Hernandez",
    "email": "student270@example.com",
    "enrollmentDate": "2022-02-02"
  },
  {
    "id": 1774117504124,
    "name": "Samuel Jackson",
    "email": "student271@example.com",
    "enrollmentDate": "2024-09-07"
  },
  {
    "id": 1793138174982,
    "name": "Emma Perez",
    "email": "student272@example.com",
    "enrollmentDate": "2014-06-28"
  },
  {
    "id": 1200738817015,
    "name": "Aria Lewis",
    "email": "student273@example.com",
    "enrollmentDate": "2021-01-20"
  },
  {
    "id": 1611647883638,
    "name": "Riley Baker",
    "email": "student274@example.com",
    "enrollmentDate": "2010-10-07"
  },
  {
    "id": 1015791726535,
    "name": "Madison Walker",
    "email": "student275@example.com",
    "enrollmentDate": "2023-10-02"
  },
  {
    "id": 1541427812550,
    "name": "Jessica Evans",
    "email": "student276@example.com",
    "enrollmentDate": "2011-04-11"
  },
  {
    "id": 1079738354423,
    "name": "Riley Nelson",
    "email": "student277@example.com",
    "enrollmentDate": "2023-02-12"
  },
  {
    "id": 1274827478556,
    "name": "Matthew Rodriguez",
    "email": "student278@example.com",
    "enrollmentDate": "2019-09-09"
  },
  {
    "id": 1546126043118,
    "name": "Emily Scott",
    "email": "student279@example.com",
    "enrollmentDate": "2011-08-10"
  },
  {
    "id": 1359832565385,
    "name": "Grace Thompson",
    "email": "student280@example.com",
    "enrollmentDate": "2016-02-07"
  },
  {
    "id": 1678115564565,
    "name": "William Green",
    "email": "student281@example.com",
    "enrollmentDate": "2017-06-20"
  },
  {
    "id": 1661039922171,
    "name": "Scarlett Smith",
    "email": "student282@example.com",
    "enrollmentDate": "2017-09-02"
  },
  {
    "id": 1626802988271,
    "name": "Christopher Rodriguez",
    "email": "student283@example.com",
    "enrollmentDate": "2025-02-21"
  },
  {
    "id": 1906808581236,
    "name": "Sophia Harris",
    "email": "student284@example.com",
    "enrollmentDate": "2022-04-10"
  },
  {
    "id": 1987006948028,
    "name": "Avery Carter",
    "email": "student285@example.com",
    "enrollmentDate": "2020-08-25"
  },
  {
    "id": 1461795152325,
    "name": "Alexander Baker",
    "email": "student286@example.com",
    "enrollmentDate": "2011-11-22"
  },
  {
    "id": 1506638177734,
    "name": "John Mitchell",
    "email": "student287@example.com",
    "enrollmentDate": "2021-05-06"
  },
  {
    "id": 1672040471069,
    "name": "Sarah Jackson",
    "email": "student288@example.com",
    "enrollmentDate": "2022-06-04"
  },
  {
    "id": 1796809340401,
    "name": "Emma Jackson",
    "email": "student289@example.com",
    "enrollmentDate": "2021-07-09"
  },
  {
    "id": 1812544926084,
    "name": "Henry Perez",
    "email": "student290@example.com",
    "enrollmentDate": "2013-07-06"
  },
  {
    "id": 1612581577476,
    "name": "Grace Young",
    "email": "student291@example.com",
    "enrollmentDate": "2020-06-21"
  },
  {
    "id": 1725507804443,
    "name": "Anthony Perez",
    "email": "student292@example.com",
    "enrollmentDate": "2020-09-24"
  },
  {
    "id": 1803901974353,
    "name": "Madison Allen",
    "email": "student293@example.com",
    "enrollmentDate": "2019-08-17"
  },
  {
    "id": 1139952883060,
    "name": "Chloe Phillips",
    "email": "student294@example.com",
    "enrollmentDate": "2013-02-16"
  },
  {
    "id": 1314810012024,
    "name": "Avery Green",
    "email": "student295@example.com",
    "enrollmentDate": "2012-10-10"
  },
  {
    "id": 1782556989002,
    "name": "Sofia Hernandez",
    "email": "student296@example.com",
    "enrollmentDate": "2012-03-15"
  },
  {
    "id": 1994841259417,
    "name": "Nathan Ramirez",
    "email": "student297@example.com",
    "enrollmentDate": "2022-04-13"
  },
  {
    "id": 1274961341853,
    "name": "David Sanchez",
    "email": "student298@example.com",
    "enrollmentDate": "2024-03-16"
  },
  {
    "id": 1013205751784,
    "name": "Gabriel Taylor",
    "email": "student299@example.com",
    "enrollmentDate": "2010-02-27"
  },
  {
    "id": 1959905759018,
    "name": "Joseph Mitchell",
    "email": "student300@example.com",
    "enrollmentDate": "2024-05-09"
  },
  {
    "id": 1685112716459,
    "name": "Ella Torres",
    "email": "student301@example.com",
    "enrollmentDate": "2025-04-09"
  },
  {
    "id": 1870735510255,
    "name": "Riley Brown",
    "email": "student302@example.com",
    "enrollmentDate": "2011-01-13"
  },
  {
    "id": 1292684044496,
    "name": "Sophia Wilson",
    "email": "student303@example.com",
    "enrollmentDate": "2015-05-18"
  },
  {
    "id": 1596301774326,
    "name": "Aria Perez",
    "email": "student304@example.com",
    "enrollmentDate": "2021-07-21"
  },
  {
    "id": 1183257275978,
    "name": "Anthony Garcia",
    "email": "student305@example.com",
    "enrollmentDate": "2011-01-20"
  },
  {
    "id": 1311399236941,
    "name": "Madison Hill",
    "email": "student306@example.com",
    "enrollmentDate": "2022-09-03"
  },
  {
    "id": 1420139249779,
    "name": "Grace Allen",
    "email": "student307@example.com",
    "enrollmentDate": "2013-02-09"
  },
  {
    "id": 1001793950199,
    "name": "Scarlett Robinson",
    "email": "student308@example.com",
    "enrollmentDate": "2023-01-10"
  },
  {
    "id": 1067442670665,
    "name": "Daniel Davis",
    "email": "student309@example.com",
    "enrollmentDate": "2015-12-26"
  },
  {
    "id": 1835105919339,
    "name": "Matthew Young",
    "email": "student310@example.com",
    "enrollmentDate": "2015-01-24"
  },
  {
    "id": 1211203487041,
    "name": "Sophia Carter",
    "email": "student311@example.com",
    "enrollmentDate": "2018-02-13"
  },
  {
    "id": 1515695069650,
    "name": "Layla Carter",
    "email": "student312@example.com",
    "enrollmentDate": "2013-02-28"
  },
  {
    "id": 1784518349929,
    "name": "Ella Thomas",
    "email": "student313@example.com",
    "enrollmentDate": "2021-05-22"
  },
  {
    "id": 1020517120079,
    "name": "Matthew Mitchell",
    "email": "student314@example.com",
    "enrollmentDate": "2017-09-15"
  },
  {
    "id": 1648634303831,
    "name": "Daniel Phillips",
    "email": "student315@example.com",
    "enrollmentDate": "2020-07-08"
  },
  {
    "id": 1536388835183,
    "name": "Emma Martinez",
    "email": "student316@example.com",
    "enrollmentDate": "2017-03-28"
  },
  {
    "id": 1481313572399,
    "name": "Olivia Williams",
    "email": "student317@example.com",
    "enrollmentDate": "2023-02-23"
  },
  {
    "id": 1445845047046,
    "name": "Hannah Scott",
    "email": "student318@example.com",
    "enrollmentDate": "2013-12-28"
  },
  {
    "id": 1703255304390,
    "name": "Charles Ramirez",
    "email": "student319@example.com",
    "enrollmentDate": "2013-06-03"
  },
  {
    "id": 1608065391480,
    "name": "John Jackson",
    "email": "student320@example.com",
    "enrollmentDate": "2013-01-16"
  },
  {
    "id": 1099205038344,
    "name": "Scarlett Allen",
    "email": "student321@example.com",
    "enrollmentDate": "2010-03-26"
  },
  {
    "id": 1073236778924,
    "name": "Emily Scott",
    "email": "student322@example.com",
    "enrollmentDate": "2015-12-04"
  },
  {
    "id": 1615153541000,
    "name": "Anthony Davis",
    "email": "student323@example.com",
    "enrollmentDate": "2013-05-01"
  },
  {
    "id": 1178014360157,
    "name": "Henry Wilson",
    "email": "student324@example.com",
    "enrollmentDate": "2014-10-07"
  },
  {
    "id": 1598712320125,
    "name": "Emily Garcia",
    "email": "student325@example.com",
    "enrollmentDate": "2013-04-04"
  },
  {
    "id": 1228779194534,
    "name": "Layla Wright",
    "email": "student326@example.com",
    "enrollmentDate": "2019-09-05"
  },
  {
    "id": 1133816972426,
    "name": "Joshua Jackson",
    "email": "student327@example.com",
    "enrollmentDate": "2018-11-19"
  },
  {
    "id": 1948612842127,
    "name": "Ryan Wilson",
    "email": "student328@example.com",
    "enrollmentDate": "2019-09-26"
  },
  {
    "id": 1304939937235,
    "name": "Hannah Brown",
    "email": "student329@example.com",
    "enrollmentDate": "2012-04-13"
  },
  {
    "id": 1442946880823,
    "name": "Charles Smith",
    "email": "student330@example.com",
    "enrollmentDate": "2016-11-26"
  },
  {
    "id": 1618084532009,
    "name": "Sophia Moore",
    "email": "student331@example.com",
    "enrollmentDate": "2024-01-02"
  },
  {
    "id": 1255330253449,
    "name": "Hannah Perez",
    "email": "student332@example.com",
    "enrollmentDate": "2016-01-26"
  },
  {
    "id": 1287704760404,
    "name": "Dylan Smith",
    "email": "student333@example.com",
    "enrollmentDate": "2016-07-21"
  },
  {
    "id": 1703691632194,
    "name": "Aria Lewis",
    "email": "student334@example.com",
    "enrollmentDate": "2021-10-26"
  },
  {
    "id": 1082697821397,
    "name": "Henry Hall",
    "email": "student335@example.com",
    "enrollmentDate": "2017-07-16"
  },
  {
    "id": 1216499963981,
    "name": "Isabella Miller",
    "email": "student336@example.com",
    "enrollmentDate": "2019-11-10"
  },
  {
    "id": 1954663417616,
    "name": "Nathan Torres",
    "email": "student337@example.com",
    "enrollmentDate": "2024-10-03"
  },
  {
    "id": 1174140492289,
    "name": "Christopher Thomas",
    "email": "student338@example.com",
    "enrollmentDate": "2022-06-26"
  },
  {
    "id": 1866629564137,
    "name": "Alexander Jackson",
    "email": "student339@example.com",
    "enrollmentDate": "2021-06-23"
  },
  {
    "id": 1878784316180,
    "name": "Scarlett Torres",
    "email": "student340@example.com",
    "enrollmentDate": "2024-11-24"
  },
  {
    "id": 1254566073397,
    "name": "Layla Young",
    "email": "student341@example.com",
    "enrollmentDate": "2020-10-06"
  },
  {
    "id": 1334031427174,
    "name": "Elizabeth King",
    "email": "student342@example.com",
    "enrollmentDate": "2023-08-12"
  },
  {
    "id": 1942707970328,
    "name": "Samuel Campbell",
    "email": "student343@example.com",
    "enrollmentDate": "2021-12-23"
  },
  {
    "id": 1936247357260,
    "name": "Abigail Jones",
    "email": "student344@example.com",
    "enrollmentDate": "2011-02-13"
  },
  {
    "id": 1415008894436,
    "name": "Dylan Hall",
    "email": "student345@example.com",
    "enrollmentDate": "2010-07-08"
  },
  {
    "id": 1119636319773,
    "name": "Isabella Baker",
    "email": "student346@example.com",
    "enrollmentDate": "2021-01-24"
  },
  {
    "id": 1870154030758,
    "name": "Matthew Johnson",
    "email": "student347@example.com",
    "enrollmentDate": "2022-03-06"
  },
  {
    "id": 1465627003604,
    "name": "Alexander Allen",
    "email": "student348@example.com",
    "enrollmentDate": "2015-12-03"
  },
  {
    "id": 1644645274756,
    "name": "Henry Evans",
    "email": "student349@example.com",
    "enrollmentDate": "2017-12-26"
  },
  {
    "id": 1430631821128,
    "name": "Olivia Nelson",
    "email": "student350@example.com",
    "enrollmentDate": "2012-11-03"
  },
  {
    "id": 1303905176406,
    "name": "Alexander Roberts",
    "email": "student351@example.com",
    "enrollmentDate": "2017-04-12"
  },
  {
    "id": 1302388008459,
    "name": "Christopher Williams",
    "email": "student352@example.com",
    "enrollmentDate": "2023-05-01"
  },
  {
    "id": 1756784459532,
    "name": "Zoe Young",
    "email": "student353@example.com",
    "enrollmentDate": "2022-09-10"
  },
  {
    "id": 1862549676806,
    "name": "Joshua Phillips",
    "email": "student354@example.com",
    "enrollmentDate": "2012-03-28"
  },
  {
    "id": 1100162120489,
    "name": "Sofia Lopez",
    "email": "student355@example.com",
    "enrollmentDate": "2018-08-21"
  },
  {
    "id": 1106374746010,
    "name": "Elizabeth Wright",
    "email": "student356@example.com",
    "enrollmentDate": "2017-12-26"
  },
  {
    "id": 1346086388647,
    "name": "Nicholas Miller",
    "email": "student357@example.com",
    "enrollmentDate": "2013-06-20"
  },
  {
    "id": 1996985812289,
    "name": "Chloe Jones",
    "email": "student358@example.com",
    "enrollmentDate": "2025-12-24"
  },
  {
    "id": 1279291012930,
    "name": "William Torres",
    "email": "student359@example.com",
    "enrollmentDate": "2017-01-28"
  },
  {
    "id": 1303542371630,
    "name": "Samuel Green",
    "email": "student360@example.com",
    "enrollmentDate": "2020-10-10"
  },
  {
    "id": 1090571189326,
    "name": "William Robinson",
    "email": "student361@example.com",
    "enrollmentDate": "2024-02-15"
  },
  {
    "id": 1214580849834,
    "name": "Zoe White",
    "email": "student362@example.com",
    "enrollmentDate": "2019-05-21"
  },
  {
    "id": 1533996931636,
    "name": "Mia Clark",
    "email": "student363@example.com",
    "enrollmentDate": "2025-06-06"
  },
  {
    "id": 1762464014195,
    "name": "Andrew Wright",
    "email": "student364@example.com",
    "enrollmentDate": "2017-05-07"
  },
  {
    "id": 1601851972350,
    "name": "Zoe Miller",
    "email": "student365@example.com",
    "enrollmentDate": "2020-03-23"
  },
  {
    "id": 1295771013767,
    "name": "David Nelson",
    "email": "student366@example.com",
    "enrollmentDate": "2023-01-12"
  },
  {
    "id": 1327056981579,
    "name": "Michael Johnson",
    "email": "student367@example.com",
    "enrollmentDate": "2011-09-21"
  },
  {
    "id": 1582054433690,
    "name": "Layla Lee",
    "email": "student368@example.com",
    "enrollmentDate": "2021-01-09"
  },
  {
    "id": 1936025024206,
    "name": "Abigail Ramirez",
    "email": "student369@example.com",
    "enrollmentDate": "2019-11-25"
  },
  {
    "id": 1910700466911,
    "name": "John Gonzalez",
    "email": "student370@example.com",
    "enrollmentDate": "2021-12-24"
  },
  {
    "id": 1717029662826,
    "name": "Charles Martin",
    "email": "student371@example.com",
    "enrollmentDate": "2015-07-24"
  },
  {
    "id": 1450988697253,
    "name": "Lily Robinson",
    "email": "student372@example.com",
    "enrollmentDate": "2021-06-16"
  },
  {
    "id": 1365820332379,
    "name": "Sarah Jackson",
    "email": "student373@example.com",
    "enrollmentDate": "2024-07-12"
  },
  {
    "id": 1672527827554,
    "name": "Laura Robinson",
    "email": "student374@example.com",
    "enrollmentDate": "2014-10-19"
  },
  {
    "id": 1139828659973,
    "name": "Gabriel Gonzalez",
    "email": "student375@example.com",
    "enrollmentDate": "2010-10-28"
  },
  {
    "id": 1833927867765,
    "name": "Dylan Jones",
    "email": "student376@example.com",
    "enrollmentDate": "2024-11-14"
  },
  {
    "id": 1978137378932,
    "name": "Alexander Lee",
    "email": "student377@example.com",
    "enrollmentDate": "2012-11-08"
  },
  {
    "id": 1902762528182,
    "name": "Henry Harris",
    "email": "student378@example.com",
    "enrollmentDate": "2010-10-17"
  },
  {
    "id": 1166130421655,
    "name": "Joshua Allen",
    "email": "student379@example.com",
    "enrollmentDate": "2012-03-12"
  },
  {
    "id": 1035586541210,
    "name": "Madison Green",
    "email": "student380@example.com",
    "enrollmentDate": "2014-07-08"
  },
  {
    "id": 1644087226052,
    "name": "Robert Wright",
    "email": "student381@example.com",
    "enrollmentDate": "2023-10-24"
  },
  {
    "id": 1942557666057,
    "name": "Amelia King",
    "email": "student382@example.com",
    "enrollmentDate": "2025-11-22"
  },
  {
    "id": 1507433117013,
    "name": "William Nelson",
    "email": "student383@example.com",
    "enrollmentDate": "2018-01-14"
  },
  {
    "id": 1577301040515,
    "name": "Jack Thomas",
    "email": "student384@example.com",
    "enrollmentDate": "2019-12-10"
  },
  {
    "id": 1218906679741,
    "name": "Aria Phillips",
    "email": "student385@example.com",
    "enrollmentDate": "2025-02-19"
  },
  {
    "id": 1042026191306,
    "name": "Avery Anderson",
    "email": "student386@example.com",
    "enrollmentDate": "2016-03-27"
  },
  {
    "id": 1218155920750,
    "name": "John Hernandez",
    "email": "student387@example.com",
    "enrollmentDate": "2018-02-10"
  },
  {
    "id": 1662059508367,
    "name": "Hannah Lee",
    "email": "student388@example.com",
    "enrollmentDate": "2022-10-12"
  },
  {
    "id": 1982120144979,
    "name": "Madison Jones",
    "email": "student389@example.com",
    "enrollmentDate": "2012-11-06"
  },
  {
    "id": 1812355941571,
    "name": "Amelia Miller",
    "email": "student390@example.com",
    "enrollmentDate": "2021-09-03"
  },
  {
    "id": 1272493301723,
    "name": "Elizabeth Jackson",
    "email": "student391@example.com",
    "enrollmentDate": "2015-11-23"
  },
  {
    "id": 1732355631244,
    "name": "James Clark",
    "email": "student392@example.com",
    "enrollmentDate": "2011-04-01"
  },
  {
    "id": 1845443964089,
    "name": "Avery Turner",
    "email": "student393@example.com",
    "enrollmentDate": "2017-05-20"
  },
  {
    "id": 1748055379695,
    "name": "Madison Anderson",
    "email": "student394@example.com",
    "enrollmentDate": "2018-04-08"
  },
  {
    "id": 1950620982050,
    "name": "Joshua Johnson",
    "email": "student395@example.com",
    "enrollmentDate": "2015-10-19"
  },
  {
    "id": 1150579146874,
    "name": "Grace Jones",
    "email": "student396@example.com",
    "enrollmentDate": "2020-02-09"
  },
  {
    "id": 1683484202165,
    "name": "Isabella Harris",
    "email": "student397@example.com",
    "enrollmentDate": "2013-09-15"
  },
  {
    "id": 1961782559071,
    "name": "David Torres",
    "email": "student398@example.com",
    "enrollmentDate": "2017-09-05"
  },
  {
    "id": 1695345517559,
    "name": "Isabella Perez",
    "email": "student399@example.com",
    "enrollmentDate": "2022-04-21"
  },
  {
    "id": 1399377665018,
    "name": "Dylan Taylor",
    "email": "student400@example.com",
    "enrollmentDate": "2013-10-20"
  },
  {
    "id": 1363244156502,
    "name": "Ella King",
    "email": "student401@example.com",
    "enrollmentDate": "2010-09-09"
  },
  {
    "id": 1553387955292,
    "name": "Ryan Baker",
    "email": "student402@example.com",
    "enrollmentDate": "2011-11-02"
  },
  {
    "id": 1038117153499,
    "name": "Jessica Gonzalez",
    "email": "student403@example.com",
    "enrollmentDate": "2012-03-04"
  },
  {
    "id": 1636679880667,
    "name": "Jack Martin",
    "email": "student404@example.com",
    "enrollmentDate": "2014-07-02"
  },
  {
    "id": 1520096155531,
    "name": "Ethan Martin",
    "email": "student405@example.com",
    "enrollmentDate": "2012-09-24"
  },
  {
    "id": 1835254294915,
    "name": "Jessica Harris",
    "email": "student406@example.com",
    "enrollmentDate": "2023-01-02"
  },
  {
    "id": 1781885492422,
    "name": "Christopher Jones",
    "email": "student407@example.com",
    "enrollmentDate": "2024-01-23"
  },
  {
    "id": 1500786501447,
    "name": "Riley Johnson",
    "email": "student408@example.com",
    "enrollmentDate": "2013-10-23"
  },
  {
    "id": 1114033784855,
    "name": "Joseph Carter",
    "email": "student409@example.com",
    "enrollmentDate": "2022-03-04"
  },
  {
    "id": 1650198782297,
    "name": "Scarlett Williams",
    "email": "student410@example.com",
    "enrollmentDate": "2017-02-28"
  },
  {
    "id": 1876775205027,
    "name": "Laura Taylor",
    "email": "student411@example.com",
    "enrollmentDate": "2015-05-16"
  },
  {
    "id": 1806257359511,
    "name": "William Robinson",
    "email": "student412@example.com",
    "enrollmentDate": "2020-04-19"
  },
  {
    "id": 1289316482506,
    "name": "Aria Allen",
    "email": "student413@example.com",
    "enrollmentDate": "2017-02-02"
  },
  {
    "id": 1009520330452,
    "name": "Joseph Lewis",
    "email": "student414@example.com",
    "enrollmentDate": "2012-04-01"
  },
  {
    "id": 1795671783759,
    "name": "Matthew Jones",
    "email": "student415@example.com",
    "enrollmentDate": "2017-07-12"
  },
  {
    "id": 1036121219689,
    "name": "Sophia Johnson",
    "email": "student416@example.com",
    "enrollmentDate": "2010-12-09"
  },
  {
    "id": 1592527116710,
    "name": "David Roberts",
    "email": "student417@example.com",
    "enrollmentDate": "2012-08-22"
  },
  {
    "id": 1561742442832,
    "name": "Lily Lewis",
    "email": "student418@example.com",
    "enrollmentDate": "2010-12-19"
  },
  {
    "id": 1570547938192,
    "name": "Ethan Evans",
    "email": "student419@example.com",
    "enrollmentDate": "2025-01-12"
  },
  {
    "id": 1854112953201,
    "name": "Mia Torres",
    "email": "student420@example.com",
    "enrollmentDate": "2018-06-18"
  },
  {
    "id": 1341649820648,
    "name": "Ella Evans",
    "email": "student421@example.com",
    "enrollmentDate": "2022-01-10"
  },
  {
    "id": 1701070796187,
    "name": "Andrew Wright",
    "email": "student422@example.com",
    "enrollmentDate": "2025-02-23"
  },
  {
    "id": 1063048254388,
    "name": "Nicholas Young",
    "email": "student423@example.com",
    "enrollmentDate": "2019-10-09"
  },
  {
    "id": 1635374317542,
    "name": "Isabella Hall",
    "email": "student424@example.com",
    "enrollmentDate": "2020-03-07"
  },
  {
    "id": 1751613048868,
    "name": "Dylan Thompson",
    "email": "student425@example.com",
    "enrollmentDate": "2017-01-09"
  },
  {
    "id": 1523770596080,
    "name": "Riley Allen",
    "email": "student426@example.com",
    "enrollmentDate": "2020-01-22"
  },
  {
    "id": 1572033459162,
    "name": "Zoe Mitchell",
    "email": "student427@example.com",
    "enrollmentDate": "2021-01-26"
  },
  {
    "id": 1322762836648,
    "name": "Jack Anderson",
    "email": "student428@example.com",
    "enrollmentDate": "2015-06-18"
  },
  {
    "id": 1042871247909,
    "name": "Emily King",
    "email": "student429@example.com",
    "enrollmentDate": "2010-11-19"
  },
  {
    "id": 1268592341961,
    "name": "Joshua Brown",
    "email": "student430@example.com",
    "enrollmentDate": "2018-06-17"
  },
  {
    "id": 1179802776211,
    "name": "Ryan Perez",
    "email": "student431@example.com",
    "enrollmentDate": "2016-08-23"
  },
  {
    "id": 1904560735062,
    "name": "Christopher Green",
    "email": "student432@example.com",
    "enrollmentDate": "2015-01-18"
  },
  {
    "id": 1027963131305,
    "name": "Aria Adams",
    "email": "student433@example.com",
    "enrollmentDate": "2012-09-17"
  },
  {
    "id": 1303789841254,
    "name": "Emily Wilson",
    "email": "student434@example.com",
    "enrollmentDate": "2010-07-28"
  },
  {
    "id": 1782111140316,
    "name": "Ethan Brown",
    "email": "student435@example.com",
    "enrollmentDate": "2017-07-06"
  },
  {
    "id": 1435209074876,
    "name": "Emily Baker",
    "email": "student436@example.com",
    "enrollmentDate": "2010-01-17"
  },
  {
    "id": 1079212222200,
    "name": "Ryan Hill",
    "email": "student437@example.com",
    "enrollmentDate": "2021-12-16"
  },
  {
    "id": 1680795878007,
    "name": "Sofia Rodriguez",
    "email": "student438@example.com",
    "enrollmentDate": "2013-09-26"
  },
  {
    "id": 1928744687104,
    "name": "Joshua Walker",
    "email": "student439@example.com",
    "enrollmentDate": "2025-10-14"
  },
  {
    "id": 1438154108752,
    "name": "Ryan Scott",
    "email": "student440@example.com",
    "enrollmentDate": "2024-06-04"
  },
  {
    "id": 1978323183154,
    "name": "Zoe Gonzalez",
    "email": "student441@example.com",
    "enrollmentDate": "2019-04-08"
  },
  {
    "id": 1228925522273,
    "name": "Thomas Phillips",
    "email": "student442@example.com",
    "enrollmentDate": "2023-05-01"
  },
  {
    "id": 1013989145570,
    "name": "Chloe Williams",
    "email": "student443@example.com",
    "enrollmentDate": "2023-03-26"
  },
  {
    "id": 1712940398238,
    "name": "John Martin",
    "email": "student444@example.com",
    "enrollmentDate": "2018-11-25"
  },
  {
    "id": 1451125940413,
    "name": "William Evans",
    "email": "student445@example.com",
    "enrollmentDate": "2025-04-08"
  },
  {
    "id": 1451279592650,
    "name": "Anthony Thompson",
    "email": "student446@example.com",
    "enrollmentDate": "2010-02-12"
  },
  {
    "id": 1662459133456,
    "name": "Grace Adams",
    "email": "student447@example.com",
    "enrollmentDate": "2018-08-17"
  },
  {
    "id": 1351994663582,
    "name": "Chloe Mitchell",
    "email": "student448@example.com",
    "enrollmentDate": "2019-06-04"
  },
  {
    "id": 1204764897891,
    "name": "Sophia Turner",
    "email": "student449@example.com",
    "enrollmentDate": "2011-12-12"
  },
  {
    "id": 1223105441019,
    "name": "Sarah Lewis",
    "email": "student450@example.com",
    "enrollmentDate": "2023-08-08"
  },
  {
    "id": 1235553009833,
    "name": "Isabella Thomas",
    "email": "student451@example.com",
    "enrollmentDate": "2021-06-24"
  },
  {
    "id": 1762359336826,
    "name": "Chloe Torres",
    "email": "student452@example.com",
    "enrollmentDate": "2021-07-02"
  },
  {
    "id": 1378013484930,
    "name": "Daniel Baker",
    "email": "student453@example.com",
    "enrollmentDate": "2013-04-21"
  },
  {
    "id": 1559328020260,
    "name": "Lily Allen",
    "email": "student454@example.com",
    "enrollmentDate": "2011-05-11"
  },
  {
    "id": 1391691758450,
    "name": "Scarlett Phillips",
    "email": "student455@example.com",
    "enrollmentDate": "2025-02-21"
  },
  {
    "id": 1158255759937,
    "name": "Joshua Carter",
    "email": "student456@example.com",
    "enrollmentDate": "2015-11-23"
  },
  {
    "id": 1379712097156,
    "name": "Emma Sanchez",
    "email": "student457@example.com",
    "enrollmentDate": "2021-06-14"
  },
  {
    "id": 1714737962988,
    "name": "Ella Baker",
    "email": "student458@example.com",
    "enrollmentDate": "2010-02-16"
  },
  {
    "id": 1027353321914,
    "name": "Emily Thompson",
    "email": "student459@example.com",
    "enrollmentDate": "2023-06-02"
  },
  {
    "id": 1997608744544,
    "name": "Grace Robinson",
    "email": "student460@example.com",
    "enrollmentDate": "2021-09-08"
  },
  {
    "id": 1952495282222,
    "name": "Grace Perez",
    "email": "student461@example.com",
    "enrollmentDate": "2018-07-07"
  },
  {
    "id": 1619514718295,
    "name": "Emma Martin",
    "email": "student462@example.com",
    "enrollmentDate": "2010-06-06"
  },
  {
    "id": 1291107921950,
    "name": "Abigail Nelson",
    "email": "student463@example.com",
    "enrollmentDate": "2016-10-15"
  },
  {
    "id": 1672722290631,
    "name": "James Garcia",
    "email": "student464@example.com",
    "enrollmentDate": "2020-02-17"
  },
  {
    "id": 1316080966927,
    "name": "Joseph Jones",
    "email": "student465@example.com",
    "enrollmentDate": "2016-09-07"
  },
  {
    "id": 1931985990240,
    "name": "Jack Davis",
    "email": "student466@example.com",
    "enrollmentDate": "2010-05-26"
  },
  {
    "id": 1383787331146,
    "name": "James Scott",
    "email": "student467@example.com",
    "enrollmentDate": "2019-03-20"
  },
  {
    "id": 1175532952666,
    "name": "Lily Young",
    "email": "student468@example.com",
    "enrollmentDate": "2015-05-11"
  },
  {
    "id": 1773978388149,
    "name": "Isabella Nelson",
    "email": "student469@example.com",
    "enrollmentDate": "2014-11-19"
  },
  {
    "id": 1249417119631,
    "name": "Sophia Campbell",
    "email": "student470@example.com",
    "enrollmentDate": "2017-01-25"
  },
  {
    "id": 1000415590929,
    "name": "Zoe Evans",
    "email": "student471@example.com",
    "enrollmentDate": "2011-09-11"
  },
  {
    "id": 1505233499589,
    "name": "Robert Evans",
    "email": "student472@example.com",
    "enrollmentDate": "2012-03-12"
  },
  {
    "id": 1656715884288,
    "name": "Matthew Moore",
    "email": "student473@example.com",
    "enrollmentDate": "2014-01-20"
  },
  {
    "id": 1462321221619,
    "name": "Lily Lopez",
    "email": "student474@example.com",
    "enrollmentDate": "2015-03-16"
  },
  {
    "id": 1377934330997,
    "name": "Anthony Walker",
    "email": "student475@example.com",
    "enrollmentDate": "2022-06-02"
  },
  {
    "id": 1502757331093,
    "name": "Alexander Phillips",
    "email": "student476@example.com",
    "enrollmentDate": "2017-06-06"
  },
  {
    "id": 1720595730279,
    "name": "Isabella Rodriguez",
    "email": "student477@example.com",
    "enrollmentDate": "2024-03-11"
  },
  {
    "id": 1676753047483,
    "name": "William Campbell",
    "email": "student478@example.com",
    "enrollmentDate": "2019-08-24"
  },
  {
    "id": 1306681269561,
    "name": "Dylan Perez",
    "email": "student479@example.com",
    "enrollmentDate": "2012-07-26"
  },
  {
    "id": 1591034810550,
    "name": "Daniel Moore",
    "email": "student480@example.com",
    "enrollmentDate": "2019-04-20"
  },
  {
    "id": 1397754527470,
    "name": "Samuel Jackson",
    "email": "student481@example.com",
    "enrollmentDate": "2017-05-03"
  },
  {
    "id": 1575772290634,
    "name": "Layla Clark",
    "email": "student482@example.com",
    "enrollmentDate": "2018-08-21"
  },
  {
    "id": 1695730455008,
    "name": "David Taylor",
    "email": "student483@example.com",
    "enrollmentDate": "2017-09-20"
  },
  {
    "id": 1026688167725,
    "name": "Ryan Anderson",
    "email": "student484@example.com",
    "enrollmentDate": "2022-07-11"
  },
  {
    "id": 1166301253766,
    "name": "Samuel Lopez",
    "email": "student485@example.com",
    "enrollmentDate": "2011-10-20"
  },
  {
    "id": 1492963941925,
    "name": "Alexander Williams",
    "email": "student486@example.com",
    "enrollmentDate": "2012-05-20"
  },
  {
    "id": 1022714892464,
    "name": "Thomas Davis",
    "email": "student487@example.com",
    "enrollmentDate": "2021-07-17"
  },
  {
    "id": 1173908726811,
    "name": "Matthew Martin",
    "email": "student488@example.com",
    "enrollmentDate": "2012-07-25"
  },
  {
    "id": 1679013142965,
    "name": "Joseph Thompson",
    "email": "student489@example.com",
    "enrollmentDate": "2018-09-21"
  },
  {
    "id": 1915951061501,
    "name": "Jack Allen",
    "email": "student490@example.com",
    "enrollmentDate": "2023-07-16"
  },
  {
    "id": 1756130460066,
    "name": "Andrew Walker",
    "email": "student491@example.com",
    "enrollmentDate": "2022-07-21"
  },
  {
    "id": 1667413554267,
    "name": "Nicholas Martinez",
    "email": "student492@example.com",
    "enrollmentDate": "2011-05-15"
  },
  {
    "id": 1730270357395,
    "name": "John Roberts",
    "email": "student493@example.com",
    "enrollmentDate": "2022-03-18"
  },
  {
    "id": 1703080490251,
    "name": "Hannah White",
    "email": "student494@example.com",
    "enrollmentDate": "2011-03-22"
  },
  {
    "id": 1278599518145,
    "name": "Amelia Scott",
    "email": "student495@example.com",
    "enrollmentDate": "2014-04-14"
  },
  {
    "id": 1352222305333,
    "name": "Abigail Clark",
    "email": "student496@example.com",
    "enrollmentDate": "2012-06-25"
  },
  {
    "id": 1494217569623,
    "name": "Michael Torres",
    "email": "student497@example.com",
    "enrollmentDate": "2023-04-28"
  },
  {
    "id": 1054636205373,
    "name": "Riley Clark",
    "email": "student498@example.com",
    "enrollmentDate": "2024-12-12"
  },
  {
    "id": 1541447683356,
    "name": "David Allen",
    "email": "student499@example.com",
    "enrollmentDate": "2015-10-16"
  },
  {
    "id": 1859983424051,
    "name": "Andrew Wilson",
    "email": "student500@example.com",
    "enrollmentDate": "2021-07-22"
  }
]